Date,HostTimestamp,NodeName,NodeTimestamp,RawData,qi,qj,qk,qs
22/07/2020 10:57:40.531,680415,AM1V310 @394D30,87056,0900A204970E,0.0009,0.1186,0.3735,0.9200169
22/07/2020 10:57:40.531,680415,AM1V310 @394D30,87056,1200A104980E,0.0018,0.1185,0.3736,0.9199878
22/07/2020 10:57:40.531,680416,AM1V310 @394D30,87056,0E00A104980E,0.0014,0.1185,0.3736,0.9199885
22/07/2020 10:57:40.579,680453,AM1V310 @394D30,87060,1D00A1049B0E,0.0029,0.1185,0.3739,0.9198631
22/07/2020 10:57:40.579,680453,AM1V310 @394D30,87060,1600A104990E,0.0022,0.1185,0.3737,0.9199463
22/07/2020 10:57:40.579,680453,AM1V310 @394D30,87060,1A00A1049A0E,0.0026,0.1185,0.3738,0.9199046
22/07/2020 10:57:40.584,680459,AM1V310 @394D30,87064,2100A3049B0E,0.0033,0.1187,0.3739,0.919836
22/07/2020 10:57:40.584,680459,AM1V310 @394D30,87064,1F00A2049B0E,0.0031,0.1186,0.3739,0.9198496
22/07/2020 10:57:40.584,680459,AM1V310 @394D30,87064,2200A4049B0E,0.0034,0.1188,0.3739,0.9198227
22/07/2020 10:57:40.609,680483,AM1V310 @394D30,87068,2200A6049A0E,0.0034,0.119,0.3738,0.9198375
22/07/2020 10:57:40.609,680483,AM1V310 @394D30,87068,2200AB04980E,0.0034,0.1195,0.3736,0.9198539
22/07/2020 10:57:40.609,680483,AM1V310 @394D30,87068,2200A804990E,0.0034,0.1192,0.3737,0.9198522
22/07/2020 10:57:40.639,680513,AM1V310 @394D30,87071,2200AA04970E,0.0034,0.1194,0.3735,0.9199075
22/07/2020 10:57:40.639,680513,AM1V310 @394D30,87071,2300AA04970E,0.0035,0.1194,0.3735,0.9199072
22/07/2020 10:57:40.639,680513,AM1V310 @394D30,87071,2400AA04960E,0.0036,0.1194,0.3734,0.9199473
22/07/2020 10:57:40.670,680544,AM1V310 @394D30,87075,2400A604940E,0.0036,0.119,0.3732,0.9200804
22/07/2020 10:57:40.670,680544,AM1V310 @394D30,87075,2500A804950E,0.0037,0.1192,0.3733,0.9200135
22/07/2020 10:57:40.670,680544,AM1V310 @394D30,87075,2300A404930E,0.0035,0.1188,0.3731,0.9201471
22/07/2020 10:57:40.700,680574,AM1V310 @394D30,87079,1E00A304910E,0.003,0.1187,0.3729,0.9202428
22/07/2020 10:57:40.700,680574,AM1V310 @394D30,87079,1C00A104910E,0.0028,0.1185,0.3729,0.9202693
22/07/2020 10:57:40.700,680574,AM1V310 @394D30,87079,2100A304920E,0.0033,0.1187,0.373,0.9202013
22/07/2020 10:57:40.728,680602,AM1V310 @394D30,87083,1A00A004910E,0.0026,0.1184,0.3729,0.9202827
22/07/2020 10:57:40.728,680602,AM1V310 @394D30,87083,19009F04910E,0.0025,0.1183,0.3729,0.9202958
22/07/2020 10:57:40.728,680602,AM1V310 @394D30,87083,19009C04920E,0.0025,0.118,0.373,0.9202939
22/07/2020 10:57:40.759,680633,AM1V310 @394D30,87086,19009404920E,0.0025,0.1172,0.373,0.9203961
22/07/2020 10:57:40.759,680633,AM1V310 @394D30,87086,18009004920E,0.0024,0.1168,0.373,0.9204472
22/07/2020 10:57:40.759,680633,AM1V310 @394D30,87086,19009904920E,0.0025,0.1177,0.373,0.9203323
22/07/2020 10:57:40.792,680666,AM1V310 @394D30,87090,18008C04920E,0.0024,0.1164,0.373,0.9204978
22/07/2020 10:57:40.792,680666,AM1V310 @394D30,87090,17008904910E,0.0023,0.1161,0.3729,0.9205765
22/07/2020 10:57:40.792,680666,AM1V310 @394D30,87090,16008604910E,0.0022,0.1158,0.3729,0.9206145
22/07/2020 10:57:40.821,680696,AM1V310 @394D30,87094,16008404910E,0.0022,0.1156,0.3729,0.9206397
22/07/2020 10:57:40.821,680696,AM1V310 @394D30,87094,150082048E0E,0.0021,0.1154,0.3726,0.9207864
22/07/2020 10:57:40.821,680696,AM1V310 @394D30,87094,15008304900E,0.0021,0.1155,0.3728,0.9206929
22/07/2020 10:57:40.850,680724,AM1V310 @394D30,87098,140080048B0E,0.002,0.1152,0.3723,0.920933
22/07/2020 10:57:40.850,680725,AM1V310 @394D30,87098,140080048C0E,0.002,0.1152,0.3724,0.9208926
22/07/2020 10:57:40.850,680725,AM1V310 @394D30,87098,150081048D0E,0.0021,0.1153,0.3725,0.9208394
22/07/2020 10:57:40.883,680757,AM1V310 @394D30,87101,12007E048B0E,0.0018,0.115,0.3723,0.9209585
22/07/2020 10:57:40.882,680757,AM1V310 @394D30,87101,13007F048A0E,0.0019,0.1151,0.3722,0.9209862
22/07/2020 10:57:40.883,680757,AM1V310 @394D30,87101,11007E048C0E,0.0017,0.115,0.3724,0.9209182
22/07/2020 10:57:40.916,680790,AM1V310 @394D30,87105,10007E048F0E,0.0016,0.115,0.3727,0.920797
22/07/2020 10:57:40.916,680790,AM1V310 @394D30,87105,11007E04910E,0.0017,0.115,0.3729,0.9207159
22/07/2020 10:57:40.916,680790,AM1V310 @394D30,87105,10007E048D0E,0.0016,0.115,0.3725,0.9208779
22/07/2020 10:57:40.949,680823,AM1V310 @394D30,87109,13008004940E,0.0019,0.1152,0.3732,0.9205689
22/07/2020 10:57:40.949,680823,AM1V310 @394D30,87109,17008104960E,0.0023,0.1153,0.3734,0.9204744
22/07/2020 10:57:40.949,680823,AM1V310 @394D30,87109,1A008504980E,0.0026,0.1157,0.3736,0.9203422
22/07/2020 10:57:40.982,680857,AM1V310 @394D30,87113,1B008C049E0E,0.0027,0.1164,0.3742,0.9200099
22/07/2020 10:57:40.982,680857,AM1V310 @394D30,87113,1C008A049C0E,0.0028,0.1162,0.374,0.9201161
22/07/2020 10:57:40.982,680857,AM1V310 @394D30,87113,1C0087049A0E,0.0028,0.1159,0.3738,0.9202352
22/07/2020 10:57:41.015,680889,AM1V310 @394D30,87116,18008F04A30E,0.0024,0.1167,0.3747,0.9197692
22/07/2020 10:57:41.015,680889,AM1V310 @394D30,87116,18008F04A60E,0.0024,0.1167,0.375,0.9196469
22/07/2020 10:57:41.015,680889,AM1V310 @394D30,87116,19008E04A00E,0.0025,0.1166,0.3744,0.9199037
22/07/2020 10:57:41.032,680906,AM1V310 @394D30,87120,1F009004AE0E,0.0031,0.1168,0.3758,0.9193054
22/07/2020 10:57:41.032,680906,AM1V310 @394D30,87120,1D009004AB0E,0.0029,0.1168,0.3755,0.9194286
22/07/2020 10:57:41.032,680906,AM1V310 @394D30,87120,1B009004A90E,0.0027,0.1168,0.3753,0.9195109
22/07/2020 10:57:41.065,680939,AM1V310 @394D30,87124,21009004B00E,0.0033,0.1168,0.376,0.919223
22/07/2020 10:57:41.065,680939,AM1V310 @394D30,87124,23008E04B40E,0.0035,0.1166,0.3764,0.9190839
22/07/2020 10:57:41.065,680939,AM1V310 @394D30,87124,22008F04B20E,0.0034,0.1167,0.3762,0.9191535
22/07/2020 10:57:41.089,680963,AM1V310 @394D30,87128,22008C04B70E,0.0034,0.1164,0.3767,0.9189867
22/07/2020 10:57:41.089,680963,AM1V310 @394D30,87128,21008C04B90E,0.0033,0.1164,0.3769,0.9189051
22/07/2020 10:57:41.089,680963,AM1V310 @394D30,87128,24008C04B50E,0.0036,0.1164,0.3765,0.9190679
22/07/2020 10:57:41.119,680993,AM1V310 @394D30,87131,22008E04BF0E,0.0034,0.1166,0.3775,0.918633
22/07/2020 10:57:41.119,680993,AM1V310 @394D30,87131,20008E04BD0E,0.0032,0.1166,0.3773,0.9187159
22/07/2020 10:57:41.119,680993,AM1V310 @394D30,87131,20008D04BB0E,0.0032,0.1165,0.3771,0.9188107
22/07/2020 10:57:41.150,681024,AM1V310 @394D30,87135,24008D04C20E,0.0036,0.1165,0.3778,0.9185216
22/07/2020 10:57:41.150,681024,AM1V310 @394D30,87135,25008D04C40E,0.0037,0.1165,0.378,0.9184389
22/07/2020 10:57:41.150,681024,AM1V310 @394D30,87135,27008D04C60E,0.0039,0.1165,0.3782,0.9183558
22/07/2020 10:57:41.181,681056,AM1V310 @394D30,87139,27008C04C70E,0.0039,0.1164,0.3783,0.9183272
22/07/2020 10:57:41.181,681056,AM1V310 @394D30,87139,28008B04C90E,0.004,0.1163,0.3785,0.9182571
22/07/2020 10:57:41.181,681056,AM1V310 @394D30,87139,29008B04CA0E,0.0041,0.1163,0.3786,0.9182154
22/07/2020 10:57:41.214,681089,AM1V310 @394D30,87143,2A008A04CC0E,0.0042,0.1162,0.3788,0.9181451
22/07/2020 10:57:41.214,681089,AM1V310 @394D30,87143,29008904CD0E,0.0041,0.1161,0.3789,0.918117
22/07/2020 10:57:41.214,681089,AM1V310 @394D30,87143,2A008B04CB0E,0.0042,0.1163,0.3787,0.9181737
22/07/2020 10:57:41.247,681122,AM1V310 @394D30,87146,27008704CE0E,0.0039,0.1159,0.379,0.9181018
22/07/2020 10:57:41.247,681122,AM1V310 @394D30,87146,27008404CF0E,0.0039,0.1156,0.3791,0.9180984
22/07/2020 10:57:41.247,681122,AM1V310 @394D30,87146,28008104CF0E,0.004,0.1153,0.3791,0.9181356
22/07/2020 10:57:41.281,681155,AM1V310 @394D30,87150,30007704CE0E,0.0048,0.1143,0.379,0.9182981
22/07/2020 10:57:41.281,681155,AM1V310 @394D30,87150,29007D04CF0E,0.0041,0.1149,0.3791,0.9181854
22/07/2020 10:57:41.281,681155,AM1V310 @394D30,87150,2C007904CF0E,0.0044,0.1145,0.3791,0.9182339
22/07/2020 10:57:41.314,681188,AM1V310 @394D30,87154,3F007304C80E,0.0063,0.1139,0.3784,0.9185862
22/07/2020 10:57:41.314,681188,AM1V310 @394D30,87154,35007504CC0E,0.0053,0.1141,0.3788,0.9184028
22/07/2020 10:57:41.314,681188,AM1V310 @394D30,87154,3A007404CA0E,0.0058,0.114,0.3786,0.9184946
22/07/2020 10:57:41.330,681205,AM1V310 @394D30,87158,45007304C60E,0.0069,0.1139,0.3782,0.9186642
22/07/2020 10:57:41.330,681205,AM1V310 @394D30,87158,4B007404C40E,0.0075,0.114,0.378,0.9187294
22/07/2020 10:57:41.330,681205,AM1V310 @394D30,87158,52007704C20E,0.0082,0.1143,0.3778,0.9187685
22/07/2020 10:57:41.363,681238,AM1V310 @394D30,87162,6A008004BB0E,0.0106,0.1152,0.3771,0.918919
22/07/2020 10:57:41.363,681238,AM1V310 @394D30,87162,5C007A04BF0E,0.0092,0.1146,0.3775,0.9188449
22/07/2020 10:57:41.363,681238,AM1V310 @394D30,87162,7A008704B40E,0.0122,0.1159,0.3764,0.9190981
22/07/2020 10:57:41.397,681271,AM1V310 @394D30,87165,BA008C04200E,0.0186,0.1164,0.3616,0.9248516
22/07/2020 10:57:41.397,681271,AM1V310 @394D30,87165,A4008904530E,0.0164,0.1161,0.3667,0.9229209
22/07/2020 10:57:41.397,681271,AM1V310 @394D30,87165,8D009004A90E,0.0141,0.1168,0.3753,0.9194068
22/07/2020 10:57:41.430,681304,AM1V310 @394D30,87169,E800A904BD0D,0.0232,0.1193,0.3517,0.9281898
22/07/2020 10:57:41.430,681305,AM1V310 @394D30,87169,D7009F04CF0D,0.0215,0.1183,0.3535,0.9276748
22/07/2020 10:57:41.430,681305,AM1V310 @394D30,87169,C9009204E60D,0.0201,0.117,0.3558,0.9269916
22/07/2020 10:57:41.463,681338,AM1V310 @394D30,87173,FA00B204B20D,0.025,0.1202,0.3506,0.9284431
22/07/2020 10:57:41.463,681338,AM1V310 @394D30,87173,0C01B904A70D,0.0268,0.1209,0.3495,0.9287167
22/07/2020 10:57:41.463,681338,AM1V310 @394D30,87173,1C01BB048C0D,0.0284,0.1211,0.3468,0.9296548
22/07/2020 10:57:41.480,681354,AM1V310 @394D30,87177,2C01BE04780D,0.03,0.1214,0.3448,0.9303091
22/07/2020 10:57:41.480,681355,AM1V310 @394D30,87177,4C01BC04480D,0.0332,0.1212,0.34,0.9319916
22/07/2020 10:57:41.480,681354,AM1V310 @394D30,87177,4201BC04610D,0.0322,0.1212,0.3425,0.9311109
22/07/2020 10:57:41.510,681385,AM1V310 @394D30,87180,36019D041D0D,0.031,0.1181,0.3357,0.9340219
22/07/2020 10:57:41.510,681385,AM1V310 @394D30,87180,4701AE04210D,0.0327,0.1198,0.3361,0.9336035
22/07/2020 10:57:41.510,681385,AM1V310 @394D30,87180,5001B804320D,0.0336,0.1208,0.3378,0.9328288
22/07/2020 10:57:41.539,681413,AM1V310 @394D30,87184,D10039044E0D,0.0209,0.1081,0.3406,0.9337394
22/07/2020 10:57:41.539,681413,AM1V310 @394D30,87184,16018404200D,0.0278,0.1156,0.336,0.9343275
22/07/2020 10:57:41.539,681413,AM1V310 @394D30,87184,F1006104310D,0.0241,0.1121,0.3377,0.9342438
22/07/2020 10:57:41.570,681444,AM1V310 @394D30,87188,BA00ED038D0D,0.0186,0.1005,0.3469,0.9323165
22/07/2020 10:57:41.570,681444,AM1V310 @394D30,87188,BD0011046E0D,0.0189,0.1041,0.3438,0.9330635
22/07/2020 10:57:41.570,681444,AM1V310 @394D30,87188,CA00D103A30D,0.0202,0.0977,0.3491,0.9317595
22/07/2020 10:57:41.599,681473,AM1V310 @394D30,87192,1501B203AD0D,0.0277,0.0946,0.3501,0.9315115
22/07/2020 10:57:41.599,681473,AM1V310 @394D30,87192,EB00BE03AC0D,0.0235,0.0958,0.35,0.9315418
22/07/2020 10:57:41.599,681473,AM1V310 @394D30,87192,4001AB03A70D,0.032,0.0939,0.3495,0.9316698
22/07/2020 10:57:41.630,681504,AM1V310 @394D30,87195,3B017503B20D,0.0315,0.0885,0.3506,0.9318021
22/07/2020 10:57:41.630,681504,AM1V310 @394D30,87195,57018C03A60D,0.0343,0.0908,0.3494,0.9319327
22/07/2020 10:57:41.630,681504,AM1V310 @394D30,87195,56019D03A30D,0.0342,0.0925,0.3491,0.9318816
22/07/2020 10:57:41.662,681537,AM1V310 @394D30,87199,EC008003B80D,0.0236,0.0896,0.3512,0.9317046
22/07/2020 10:57:41.662,681537,AM1V310 @394D30,87199,07017003BD0D,0.0263,0.088,0.3517,0.9315962
22/07/2020 10:57:41.662,681537,AM1V310 @394D30,87199,21017803B60D,0.0289,0.0888,0.351,0.9317072
22/07/2020 10:57:41.695,681570,AM1V310 @394D30,87203,AF00E903620D,0.0175,0.1001,0.3426,0.9339694
22/07/2020 10:57:41.695,681570,AM1V310 @394D30,87203,DC009E03A60D,0.022,0.0926,0.3494,0.9321271
22/07/2020 10:57:41.695,681570,AM1V310 @394D30,87203,D000C403860D,0.0208,0.0964,0.3462,0.932963
22/07/2020 10:57:41.728,681603,AM1V310 @394D30,87207,A8FF4B040C0D,-0.0088,0.1099,0.334,0.9361029
22/07/2020 10:57:41.728,681603,AM1V310 @394D30,87207,71000C04400D,0.0113,0.1036,0.3392,0.9349239
22/07/2020 10:57:41.728,681603,AM1V310 @394D30,87207,17002C04230D,0.0023,0.1068,0.3363,0.9356766
22/07/2020 10:57:41.762,681636,AM1V310 @394D30,87210,47FEB004DD0C,-0.0441,0.12,0.3293,0.9355302
22/07/2020 10:57:41.762,681636,AM1V310 @394D30,87210,B3FE8D04EA0C,-0.0333,0.1165,0.3306,0.9359608
22/07/2020 10:57:41.762,681636,AM1V310 @394D30,87210,2CFF6B04FA0C,-0.0212,0.1131,0.3322,0.9361635
22/07/2020 10:57:41.795,681669,AM1V310 @394D30,87214,ECFDD204D40C,-0.0532,0.1234,0.3284,0.9349309
22/07/2020 10:57:41.795,681670,AM1V310 @394D30,87214,5AFDFF04D90C,-0.0678,0.1279,0.3289,0.9332039
22/07/2020 10:57:41.795,681670,AM1V310 @394D30,87214,9FFDED04D00C,-0.0609,0.1261,0.328,0.9342408
22/07/2020 10:57:41.812,681686,AM1V310 @394D30,87218,20FD0805EC0C,-0.0736,0.1288,0.3308,0.9319683
22/07/2020 10:57:41.812,681686,AM1V310 @394D30,87218,C1FCFF04330D,-0.0831,0.1279,0.3379,0.9287409
22/07/2020 10:57:41.812,681686,AM1V310 @394D30,87218,ECFC07050A0D,-0.0788,0.1287,0.3338,0.9304861
22/07/2020 10:57:41.840,681714,AM1V310 @394D30,87222,A2FCF404620D,-0.0862,0.1268,0.3426,0.9268854
22/07/2020 10:57:41.840,681714,AM1V310 @394D30,87222,94FCE604BD0D,-0.0876,0.1254,0.3517,0.9235303
22/07/2020 10:57:41.840,681714,AM1V310 @394D30,87222,92FCEA04920D,-0.0878,0.1258,0.3474,0.9250831
22/07/2020 10:57:41.869,681744,AM1V310 @394D30,87225,D3FCF404FF0D,-0.0813,0.1268,0.3583,0.9213757
22/07/2020 10:57:41.869,681744,AM1V310 @394D30,87225,15FD0905170E,-0.0747,0.1289,0.3607,0.9207064
22/07/2020 10:57:41.869,681744,AM1V310 @394D30,87225,A9FCE804E20D,-0.0855,0.1256,0.3554,0.9222826
22/07/2020 10:57:41.900,681775,AM1V310 @394D30,87229,1AFE7005690E,-0.0486,0.1392,0.3689,0.9177005
22/07/2020 10:57:41.900,681775,AM1V310 @394D30,87229,66FD27052F0E,-0.0666,0.1319,0.3631,0.9199594
22/07/2020 10:57:41.900,681775,AM1V310 @394D30,87229,BFFD4A054A0E,-0.0577,0.1354,0.3658,0.918982
22/07/2020 10:57:41.929,681803,AM1V310 @394D30,87233,AAFEB905B60E,-0.0342,0.1465,0.3766,0.9140791
22/07/2020 10:57:41.929,681803,AM1V310 @394D30,87233,DCFED805DE0E,-0.0292,0.1496,0.3806,0.9120915
22/07/2020 10:57:41.929,681803,AM1V310 @394D30,87233,6BFE96058D0E,-0.0405,0.143,0.3725,0.9160538
22/07/2020 10:57:41.960,681835,AM1V310 @394D30,87236,13FF02062C0F,-0.0237,0.1538,0.3884,0.9082562
22/07/2020 10:57:41.960,681835,AM1V310 @394D30,87236,27FF0E06530F,-0.0217,0.155,0.3923,0.9064242
22/07/2020 10:57:41.960,681835,AM1V310 @394D30,87236,FDFEF005050F,-0.0259,0.152,0.3845,0.9101565
22/07/2020 10:57:41.994,681869,AM1V310 @394D30,87240,89FF2B06D40F,-0.0119,0.1579,0.4052,0.9004104
22/07/2020 10:57:41.994,681869,AM1V310 @394D30,87240,60FF2106A50F,-0.016,0.1569,0.4005,0.9026218
22/07/2020 10:57:41.994,681869,AM1V310 @394D30,87240,40FF18067A0F,-0.0192,0.156,0.3962,0.9046109
22/07/2020 10:57:42.027,681902,AM1V310 @394D30,87244,BCFF38060310,-0.0068,0.1592,0.4099,0.8981042
22/07/2020 10:57:42.027,681902,AM1V310 @394D30,87244,F1FF46063310,-0.0015,0.1606,0.4147,0.8956726
22/07/2020 10:57:42.027,681902,AM1V310 @394D30,87244,2.30057E+11,0.0035,0.1623,0.4196,0.8930746
22/07/2020 10:57:42.060,681935,AM1V310 @394D30,87248,A1009506E810,0.0161,0.1685,0.4328,0.8854562
22/07/2020 10:57:42.060,681935,AM1V310 @394D30,87248,54006A069110,0.0084,0.1642,0.4241,0.8905655
22/07/2020 10:57:42.060,681935,AM1V310 @394D30,87248,7E007E06BC10,0.0126,0.1662,0.4284,0.8880835
22/07/2020 10:57:42.080,681954,AM1V310 @394D30,87251,BB00B2061111,0.0187,0.1714,0.4369,0.8828311
22/07/2020 10:57:42.080,681954,AM1V310 @394D30,87251,F30007075811,0.0243,0.1799,0.444,0.8774449
22/07/2020 10:57:42.080,681954,AM1V310 @394D30,87251,D600D8063911,0.0214,0.1752,0.4409,0.8800308
22/07/2020 10:57:42.109,681984,AM1V310 @394D30,87255,0B013A077511,0.0267,0.185,0.4469,0.8748385
22/07/2020 10:57:42.109,681984,AM1V310 @394D30,87255,3B019607AA11,0.0315,0.1942,0.4522,0.8699479
22/07/2020 10:57:42.109,681984,AM1V310 @394D30,87255,21016A079411,0.0289,0.1898,0.45,0.8721472
22/07/2020 10:57:42.139,682013,AM1V310 @394D30,87259,6B01D607C711,0.0363,0.2006,0.4551,0.8667906
22/07/2020 10:57:42.139,682013,AM1V310 @394D30,87259,8C01F307C811,0.0396,0.2035,0.4552,0.8659172
22/07/2020 10:57:42.139,682013,AM1V310 @394D30,87259,5201BA07BC11,0.0338,0.1978,0.454,0.868111
22/07/2020 10:57:42.170,682044,AM1V310 @394D30,87263,D5013508AA11,0.0469,0.2101,0.4522,0.8655481
22/07/2020 10:57:42.170,682045,AM1V310 @394D30,87263,30260088911,0.0515,0.2144,0.4489,0.8659499
22/07/2020 10:57:42.170,682045,AM1V310 @394D30,87263,AE011208BE11,0.043,0.2066,0.4542,0.865546
22/07/2020 10:57:42.199,682073,AM1V310 @394D30,87267,2E0291085811,0.0558,0.2193,0.444,0.866982
22/07/2020 10:57:42.199,682073,AM1V310 @394D30,87267,8.50E+117,0.0645,0.2304,0.4321,0.8695086
22/07/2020 10:57:42.199,682073,AM1V310 @394D30,87267,5802C6081E11,0.06,0.2246,0.4382,0.8682947
22/07/2020 10:57:42.229,682104,AM1V310 @394D30,87270,BF024A09A110,0.0703,0.2378,0.4257,0.8702233
22/07/2020 10:57:42.230,682104,AM1V310 @394D30,87270,F00296096510,0.0752,0.2454,0.4197,0.870618
22/07/2020 10:57:42.230,682104,AM1V310 @394D30,87270,2803E0092110,0.0808,0.2528,0.4129,0.8712503
22/07/2020 10:57:42.261,682135,AM1V310 @394D30,87274,A003FA09A90F,0.0928,0.2554,0.4009,0.8748932
22/07/2020 10:57:42.261,682135,AM1V310 @394D30,87274,5F031D0AE10F,0.0863,0.2589,0.4065,0.8719409
22/07/2020 10:57:42.261,682136,AM1V310 @394D30,87274,E203F3095F0F,0.0994,0.2547,0.3935,0.8777273
22/07/2020 10:57:42.290,682166,AM1V310 @394D30,87278,350483090E0F,0.1077,0.2435,0.3854,0.8835017
22/07/2020 10:57:42.290,682166,AM1V310 @394D30,87278,A004F908B40E,0.1184,0.2297,0.3764,0.8896867
22/07/2020 10:57:42.290,682166,AM1V310 @394D30,87278,1C055C08520E,0.1308,0.214,0.3666,0.8959352
22/07/2020 10:57:42.322,682196,AM1V310 @394D30,87281,0C062307970D,0.1548,0.1827,0.3479,0.9064344
22/07/2020 10:57:42.322,682196,AM1V310 @394D30,87281,9B05BC07EF0D,0.1435,0.198,0.3567,0.9016479
22/07/2020 10:57:42.322,682196,AM1V310 @394D30,87281,5A069306590D,0.1626,0.1683,0.3417,0.9102074
22/07/2020 10:57:42.351,682225,AM1V310 @394D30,87285,87068B05480D,0.1671,0.1419,0.34,0.9145173
22/07/2020 10:57:42.351,682225,AM1V310 @394D30,87285,70061305680D,0.1648,0.1299,0.3432,0.9155221
22/07/2020 10:57:42.351,682225,AM1V310 @394D30,87285,80060A06400D,0.1664,0.1546,0.3392,0.9128819
22/07/2020 10:57:42.380,682254,AM1V310 @394D30,87289,32060E04CA0D,0.1586,0.1038,0.353,0.9162219
22/07/2020 10:57:42.380,682254,AM1V310 @394D30,87289,5006A804940D,0.1616,0.1192,0.3476,0.9158881
22/07/2020 10:57:42.380,682254,AM1V310 @394D30,87289,3B065004B60D,0.1595,0.1104,0.351,0.9160625
22/07/2020 10:57:42.410,682284,AM1V310 @394D30,87293,1806BA03BB0D,0.156,0.0954,0.3515,0.918156
22/07/2020 10:57:42.410,682284,AM1V310 @394D30,87293,2906C403C40D,0.1577,0.0964,0.3524,0.9174159
22/07/2020 10:57:42.410,682284,AM1V310 @394D30,87293,2D06DF03CE0D,0.1581,0.0991,0.3534,0.9166744
22/07/2020 10:57:42.442,682317,AM1V310 @394D30,87297,5805C8030A0E,0.1368,0.0968,0.3594,0.9180126
22/07/2020 10:57:42.442,682317,AM1V310 @394D30,87297,AB05BF03DE0D,0.1451,0.0959,0.355,0.9185446
22/07/2020 10:57:42.442,682317,AM1V310 @394D30,87297,EE05B903C20D,0.1518,0.0953,0.3522,0.9186021
22/07/2020 10:57:42.470,682344,AM1V310 @394D30,87300,0405D303430E,0.1284,0.0979,0.3651,0.9168593
22/07/2020 10:57:42.470,682344,AM1V310 @394D30,87300,6D04E803BA0E,0.1133,0.1,0.377,0.913802
22/07/2020 10:57:42.470,682344,AM1V310 @394D30,87300,B204DD03810E,0.1202,0.0989,0.3713,0.9153727
22/07/2020 10:57:42.500,682374,AM1V310 @394D30,87304,F0031B041C0F,0.1008,0.1051,0.3868,0.9105927
22/07/2020 10:57:42.500,682374,AM1V310 @394D30,87304,14040604070F,0.1044,0.103,0.3847,0.9113164
22/07/2020 10:57:42.500,682374,AM1V310 @394D30,87304,3A04F503E70E,0.1082,0.1013,0.3815,0.9124082
22/07/2020 10:57:42.529,682404,AM1V310 @394D30,87308,4C035B044C0F,0.0844,0.1115,0.3916,0.909447
22/07/2020 10:57:42.529,682404,AM1V310 @394D30,87308,C50332042D0F,0.0965,0.1074,0.3885,0.9100663
22/07/2020 10:57:42.529,682404,AM1V310 @394D30,87308,8F0348043B0F,0.0911,0.1096,0.3899,0.9097618
22/07/2020 10:57:42.560,682435,AM1V310 @394D30,87312,0A036C045E0F,0.0778,0.1132,0.3934,0.9090486
22/07/2020 10:57:42.560,682435,AM1V310 @394D30,87312,B1029204800F,0.0689,0.117,0.3968,0.907807
22/07/2020 10:57:42.560,682435,AM1V310 @394D30,87312,D3027D04700F,0.0723,0.1149,0.3952,0.9085085
22/07/2020 10:57:42.591,682466,AM1V310 @394D30,87315,A602AB04890F,0.0678,0.1195,0.3977,0.9071701
22/07/2020 10:57:42.591,682466,AM1V310 @394D30,87315,D302EE04830F,0.0723,0.1262,0.3971,0.9061776
22/07/2020 10:57:42.591,682466,AM1V310 @394D30,87315,B502CA048A0F,0.0693,0.1226,0.3978,0.9065991
22/07/2020 10:57:42.625,682499,AM1V310 @394D30,87319,EC020E057C0F,0.0748,0.1294,0.3964,0.9058298
22/07/2020 10:57:42.625,682499,AM1V310 @394D30,87319,02033A05700F,0.077,0.1338,0.3952,0.9055305
22/07/2020 10:57:42.625,682499,AM1V310 @394D30,87319,FB022705760F,0.0763,0.1319,0.3958,0.9056064
22/07/2020 10:57:42.679,682554,AM1V310 @394D30,87323,FA028905480F,0.0762,0.1417,0.3912,0.9061331
22/07/2020 10:57:42.679,682554,AM1V310 @394D30,87323,F4026505600F,0.0756,0.1381,0.3936,0.9056998
22/07/2020 10:57:42.679,682554,AM1V310 @394D30,87323,FB024C056B0F,0.0763,0.1356,0.3947,0.9055401
22/07/2020 10:57:42.691,682566,AM1V310 @394D30,87327,28032A06D20E,0.0808,0.1578,0.3794,0.9080893
22/07/2020 10:57:42.691,682566,AM1V310 @394D30,87327,0503B905260F,0.0773,0.1465,0.3878,0.9067379
22/07/2020 10:57:42.691,682566,AM1V310 @394D30,87327,1403EF05FD0E,0.0788,0.1519,0.3837,0.9074642
22/07/2020 10:57:42.724,682599,AM1V310 @394D30,87330,3A035C06B20E,0.0826,0.1628,0.3762,0.908376
22/07/2020 10:57:42.724,682599,AM1V310 @394D30,87330,2D038506B30E,0.0813,0.1669,0.3763,0.9077076
22/07/2020 10:57:42.724,682599,AM1V310 @394D30,87330,36037A06A80E,0.0822,0.1658,0.3752,0.9082832
22/07/2020 10:57:42.757,682632,AM1V310 @394D30,87334,1F036E06FA0E,0.0799,0.1646,0.3834,0.9052774
22/07/2020 10:57:42.757,682632,AM1V310 @394D30,87334,24037F06D10E,0.0804,0.1663,0.3793,0.9066486
22/07/2020 10:57:42.757,682632,AM1V310 @394D30,87334,29035406240F,0.0809,0.162,0.3876,0.903868
22/07/2020 10:57:42.774,682648,AM1V310 @394D30,87338,46033C06430F,0.0838,0.1596,0.3907,0.9026954
22/07/2020 10:57:42.774,682649,AM1V310 @394D30,87338,71032706530F,0.0881,0.1575,0.3923,0.9019606
22/07/2020 10:57:42.774,682649,AM1V310 @394D30,87338,A7031906530F,0.0935,0.1561,0.3923,0.9016603
22/07/2020 10:57:42.807,682681,AM1V310 @394D30,87342,DC031206480F,0.0988,0.1554,0.3912,0.9016939
22/07/2020 10:57:42.807,682681,AM1V310 @394D30,87342,15040D062E0F,0.1045,0.1549,0.3886,0.9022615
22/07/2020 10:57:42.807,682681,AM1V310 @394D30,87342,04040F06390F,0.1028,0.1551,0.3897,0.9019479
22/07/2020 10:57:42.840,682715,AM1V310 @394D30,87345,FE030F062D0F,0.1022,0.1551,0.3885,0.9025336
22/07/2020 10:57:42.840,682715,AM1V310 @394D30,87345,12040D06290F,0.1042,0.1549,0.3881,0.9025114
22/07/2020 10:57:42.840,682715,AM1V310 @394D30,87345,E1031406380F,0.0993,0.1556,0.3896,0.902297
22/07/2020 10:57:42.873,682747,AM1V310 @394D30,87349,B4032D06520F,0.0948,0.1581,0.3922,0.9012194
22/07/2020 10:57:42.873,682747,AM1V310 @394D30,87349,C7031E06460F,0.0967,0.1566,0.391,0.9018008
22/07/2020 10:57:42.873,682747,AM1V310 @394D30,87349,AA033F06540F,0.0938,0.1599,0.3924,0.9009194
22/07/2020 10:57:42.890,682764,AM1V310 @394D30,87353,81036906600F,0.0897,0.1641,0.3936,0.9000579
22/07/2020 10:57:42.890,682764,AM1V310 @394D30,87353,95035F065A0F,0.0917,0.1631,0.393,0.9003002
22/07/2020 10:57:42.890,682764,AM1V310 @394D30,87353,9F0350065B0F,0.0927,0.1616,0.3931,0.9004247
22/07/2020 10:57:42.919,682793,AM1V310 @394D30,87357,3D036B068A0F,0.0829,0.1643,0.3978,0.8988261
22/07/2020 10:57:42.919,682793,AM1V310 @394D30,87357,62036C06700F,0.0866,0.1644,0.3952,0.8996055
22/07/2020 10:57:42.919,682793,AM1V310 @394D30,87357,16036A06A80F,0.079,0.1642,0.4008,0.8978623
22/07/2020 10:57:42.949,682823,AM1V310 @394D30,87360,C30272060110,0.0707,0.165,0.4097,0.8943838
22/07/2020 10:57:42.949,682823,AM1V310 @394D30,87360,D9026C06E90F,0.0729,0.1644,0.4073,0.8954133
22/07/2020 10:57:42.949,682824,AM1V310 @394D30,87360,F5026906CA0F,0.0757,0.1641,0.4042,0.8966399
22/07/2020 10:57:42.980,682854,AM1V310 @394D30,87364,9E0280061910,0.067,0.1664,0.4121,0.893306
22/07/2020 10:57:42.980,682854,AM1V310 @394D30,87364,870282061C10,0.0647,0.1666,0.4124,0.8932998
22/07/2020 10:57:42.980,682854,AM1V310 @394D30,87364,B1027A061110,0.0689,0.1658,0.4113,0.8936417
22/07/2020 10:57:43.010,682884,AM1V310 @394D30,87368,4.90279E+11,0.0585,0.1657,0.4133,0.8934788
22/07/2020 10:57:43.010,682884,AM1V310 @394D30,87368,220272062B10,0.0546,0.165,0.4139,0.8935775
22/07/2020 10:57:43.009,682884,AM1V310 @394D30,87368,6C027F062010,0.062,0.1663,0.4128,0.8933625
22/07/2020 10:57:43.039,682914,AM1V310 @394D30,87372,C10160064D10,0.0449,0.1632,0.4173,0.8928664
22/07/2020 10:57:43.039,682914,AM1V310 @394D30,87372,FE016A063610,0.051,0.1642,0.415,0.8934273
22/07/2020 10:57:43.039,682914,AM1V310 @394D30,87372,DE0164064210,0.0478,0.1636,0.4162,0.8931561
22/07/2020 10:57:43.073,682947,AM1V310 @394D30,87375,AF015D065810,0.0431,0.1629,0.4184,0.892495
22/07/2020 10:57:43.073,682947,AM1V310 @394D30,87375,A70159066010,0.0423,0.1625,0.4192,0.8922308
22/07/2020 10:57:43.073,682947,AM1V310 @394D30,87375,A80153066310,0.0424,0.1619,0.4195,0.8921942
22/07/2020 10:57:43.106,682980,AM1V310 @394D30,87379,B80140065A10,0.044,0.16,0.4186,0.8928819
22/07/2020 10:57:43.106,682980,AM1V310 @394D30,87379,C10131065110,0.0449,0.1585,0.4177,0.8935259
22/07/2020 10:57:43.106,682980,AM1V310 @394D30,87379,AF014A066010,0.0431,0.161,0.4192,0.8924644
22/07/2020 10:57:43.139,683014,AM1V310 @394D30,87383,CC0113064510,0.046,0.1555,0.4165,0.8945566
22/07/2020 10:57:43.139,683014,AM1V310 @394D30,87383,C80121064810,0.0456,0.1569,0.4168,0.8941928
22/07/2020 10:57:43.139,683014,AM1V310 @394D30,87383,D00108064410,0.0464,0.1544,0.4164,0.894773
22/07/2020 10:57:43.172,683047,AM1V310 @394D30,87387,D20101064510,0.0466,0.1537,0.4165,0.8948365
22/07/2020 10:57:43.172,683047,AM1V310 @394D30,87387,D801F8055010,0.0472,0.1528,0.4176,0.8944465
22/07/2020 10:57:43.172,683047,AM1V310 @394D30,87387,D501FA054A10,0.0469,0.153,0.417,0.894708
22/07/2020 10:57:43.190,683064,AM1V310 @394D30,87390,DD01F5055510,0.0477,0.1525,0.4181,0.8942376
22/07/2020 10:57:43.190,683064,AM1V310 @394D30,87390,E101F9055D10,0.0481,0.1529,0.4189,0.8937733
22/07/2020 10:57:43.190,683064,AM1V310 @394D30,87390,DE01F7055710,0.0478,0.1527,0.4183,0.8941045
22/07/2020 10:57:43.222,683096,AM1V310 @394D30,87394,E101F7056510,0.0481,0.1527,0.4197,0.8934321
22/07/2020 10:57:43.222,683096,AM1V310 @394D30,87394,E301F8056010,0.0483,0.1528,0.4192,0.893639
22/07/2020 10:57:43.222,683097,AM1V310 @394D30,87394,DD01F6056C10,0.0477,0.1526,0.4204,0.8931415
22/07/2020 10:57:43.255,683130,AM1V310 @394D30,87398,D901F6057510,0.0473,0.1526,0.4213,0.8927386
22/07/2020 10:57:43.255,683130,AM1V310 @394D30,87398,D401F7058010,0.0468,0.1527,0.4224,0.8922279
22/07/2020 10:57:43.255,683130,AM1V310 @394D30,87398,D001F9058F10,0.0464,0.1529,0.4239,0.8915029
22/07/2020 10:57:43.288,683163,AM1V310 @394D30,87402,C9010006B210,0.0457,0.1536,0.4274,0.8897459
22/07/2020 10:57:43.288,683163,AM1V310 @394D30,87402,CD01FE059E10,0.0461,0.1534,0.4254,0.8907177
22/07/2020 10:57:43.288,683163,AM1V310 @394D30,87402,C8010306C910,0.0456,0.1539,0.4297,0.8885906
22/07/2020 10:57:43.321,683196,AM1V310 @394D30,87405,C501FE05E810,0.0453,0.1534,0.4328,0.8871868
22/07/2020 10:57:43.321,683196,AM1V310 @394D30,87405,C4010206DA10,0.0452,0.1538,0.4314,0.8878043
22/07/2020 10:57:43.321,683196,AM1V310 @394D30,87405,C801FB05F310,0.0456,0.1531,0.4339,0.8866859
22/07/2020 10:57:43.355,683229,AM1V310 @394D30,87409,D501FB050011,0.0469,0.1531,0.4352,0.8859807
22/07/2020 10:57:43.355,683229,AM1V310 @394D30,87409,CD01FA05FA10,0.0461,0.153,0.4346,0.8863344
22/07/2020 10:57:43.355,683229,AM1V310 @394D30,87409,DC01FD05FF10,0.0476,0.1533,0.4351,0.8859579
22/07/2020 10:57:43.371,683246,AM1V310 @394D30,87413,DD01FE050211,0.0477,0.1534,0.4354,0.8857878
22/07/2020 10:57:43.371,683246,AM1V310 @394D30,87413,D60109061111,0.047,0.1545,0.4369,0.884895
22/07/2020 10:57:43.371,683246,AM1V310 @394D30,87413,DC0104060911,0.0476,0.154,0.4361,0.8853446
22/07/2020 10:57:43.405,683279,AM1V310 @394D30,87417,CE0116062A11,0.0462,0.1558,0.4394,0.8834702
22/07/2020 10:57:43.405,683279,AM1V310 @394D30,87417,C90110062511,0.0457,0.1552,0.4389,0.8838502
22/07/2020 10:57:43.405,683279,AM1V310 @394D30,87417,D0010C061D11,0.0464,0.1548,0.4381,0.8842807
22/07/2020 10:57:43.438,683312,AM1V310 @394D30,87420,E20116063B11,0.0482,0.1558,0.4411,0.8825157
22/07/2020 10:57:43.438,683312,AM1V310 @394D30,87420,D7011A063811,0.0471,0.1562,0.4408,0.8826542
22/07/2020 10:57:43.438,683312,AM1V310 @394D30,87420,D0011A063111,0.0464,0.1562,0.4401,0.8830405
22/07/2020 10:57:43.471,683345,AM1V310 @394D30,87424,EF0111063C11,0.0495,0.1553,0.4412,0.8824819
22/07/2020 10:57:43.471,683345,AM1V310 @394D30,87424,05020E063511,0.0517,0.155,0.4405,0.8827581
22/07/2020 10:57:43.471,683345,AM1V310 @394D30,87424,FD010E063A11,0.0509,0.155,0.441,0.8825549
22/07/2020 10:57:43.504,683379,AM1V310 @394D30,87428,0D0207063211,0.0525,0.1543,0.4402,0.8829831
22/07/2020 10:57:43.504,683379,AM1V310 @394D30,87428,1.30208E+11,0.0531,0.1544,0.4403,0.8828799
22/07/2020 10:57:43.504,683379,AM1V310 @394D30,87428,1.70208E+11,0.0535,0.1544,0.4402,0.8829057
22/07/2020 10:57:43.524,683398,AM1V310 @394D30,87432,0B021B062F11,0.0523,0.1563,0.4399,0.8827927
22/07/2020 10:57:43.524,683398,AM1V310 @394D30,87432,0F0213063111,0.0527,0.1555,0.4401,0.8828105
22/07/2020 10:57:43.524,683398,AM1V310 @394D30,87432,14020D063111,0.0532,0.1549,0.4401,0.8828861
22/07/2020 10:57:43.554,683428,AM1V310 @394D30,87435,050226062C11,0.0517,0.1574,0.4396,0.8827821
22/07/2020 10:57:43.554,683429,AM1V310 @394D30,87435,F4013B062511,0.05,0.1595,0.4389,0.8828514
22/07/2020 10:57:43.554,683429,AM1V310 @394D30,87435,FE0130062911,0.051,0.1584,0.4393,0.8827932
22/07/2020 10:57:43.580,683455,AM1V310 @394D30,87439,DE0149061D11,0.0478,0.1609,0.4381,0.8831165
22/07/2020 10:57:43.580,683455,AM1V310 @394D30,87439,E90143062011,0.0489,0.1603,0.4384,0.8830165
22/07/2020 10:57:43.580,683455,AM1V310 @394D30,87439,D2014E061C11,0.0466,0.1614,0.438,0.883139
22/07/2020 10:57:43.609,683484,AM1V310 @394D30,87443,BC0156061C11,0.0444,0.1622,0.438,0.8831058
22/07/2020 10:57:43.609,683484,AM1V310 @394D30,87443,B3015B061C11,0.0435,0.1627,0.438,0.8830585
22/07/2020 10:57:43.609,683484,AM1V310 @394D30,87443,C70152061B11,0.0455,0.1618,0.4379,0.8831728
22/07/2020 10:57:43.641,683516,AM1V310 @394D30,87447,9B0167061611,0.0411,0.1639,0.4374,0.883249
22/07/2020 10:57:43.641,683516,AM1V310 @394D30,87447,A30163061A11,0.0419,0.1635,0.4378,0.8830874
22/07/2020 10:57:43.641,683516,AM1V310 @394D30,87447,AB015F061C11,0.0427,0.1631,0.438,0.8830239
22/07/2020 10:57:43.670,683545,AM1V310 @394D30,87450,8.60167E+11,0.039,0.1639,0.4359,0.8840854
22/07/2020 10:57:43.670,683545,AM1V310 @394D30,87450,9.40169E+11,0.0404,0.1641,0.4369,0.8834916
22/07/2020 10:57:43.670,683545,AM1V310 @394D30,87450,8C0169060B11,0.0396,0.1641,0.4363,0.8838243
22/07/2020 10:57:43.724,683598,AM1V310 @394D30,87454,7E0161060411,0.0382,0.1633,0.4356,0.8843791
22/07/2020 10:57:43.724,683598,AM1V310 @394D30,87454,7.40159E+11,0.0372,0.1625,0.4356,0.8845691
22/07/2020 10:57:43.724,683598,AM1V310 @394D30,87454,6.9015E+11,0.0361,0.1616,0.4357,0.8847303
22/07/2020 10:57:43.750,683624,AM1V310 @394D30,87458,5C0148060711,0.0348,0.1608,0.4359,0.8848296
22/07/2020 10:57:43.750,683624,AM1V310 @394D30,87458,410138060C11,0.0321,0.1592,0.4364,0.8849746
22/07/2020 10:57:43.750,683624,AM1V310 @394D30,87458,4F013F060B11,0.0335,0.1599,0.4363,0.8848458
22/07/2020 10:57:43.761,683634,AM1V310 @394D30,87462,2B0132060611,0.0299,0.1586,0.4358,0.8854549
22/07/2020 10:57:43.761,683634,AM1V310 @394D30,87462,3.30133E+11,0.0307,0.1587,0.4361,0.8852619
22/07/2020 10:57:43.761,683634,AM1V310 @394D30,87462,2.70132E+11,0.0295,0.1586,0.4352,0.8857634
22/07/2020 10:57:43.791,683665,AM1V310 @394D30,87465,29013106F710,0.0297,0.1585,0.4343,0.8862162
22/07/2020 10:57:43.791,683665,AM1V310 @394D30,87465,2F013006E410,0.0303,0.1584,0.4324,0.8871424
22/07/2020 10:57:43.791,683665,AM1V310 @394D30,87465,2B013106EC10,0.0299,0.1585,0.4332,0.8867477
22/07/2020 10:57:43.819,683694,AM1V310 @394D30,87469,35012906DD10,0.0309,0.1577,0.4317,0.8875872
22/07/2020 10:57:43.819,683694,AM1V310 @394D30,87469,39012306D910,0.0313,0.1571,0.4313,0.8878739
22/07/2020 10:57:43.819,683694,AM1V310 @394D30,87469,40011906D810,0.032,0.1561,0.4312,0.888074
22/07/2020 10:57:43.849,683723,AM1V310 @394D30,87473,4B010506D810,0.0331,0.1541,0.4312,0.8883829
22/07/2020 10:57:43.849,683723,AM1V310 @394D30,87473,5301FB05DA10,0.0339,0.1531,0.4314,0.8884285
22/07/2020 10:57:43.849,683723,AM1V310 @394D30,87473,45010F06D710,0.0325,0.1551,0.4311,0.8882795
22/07/2020 10:57:43.879,683754,AM1V310 @394D30,87477,6501EC05DE10,0.0357,0.1516,0.4318,0.8884209
22/07/2020 10:57:43.879,683754,AM1V310 @394D30,87477,5C01F205DC10,0.0348,0.1522,0.4316,0.8884512
22/07/2020 10:57:43.879,683754,AM1V310 @394D30,87477,6D01E705DE10,0.0365,0.1511,0.4318,0.8884736
22/07/2020 10:57:43.909,683784,AM1V310 @394D30,87480,7B01E005E210,0.0379,0.1504,0.4322,0.8883392
22/07/2020 10:57:43.909,683784,AM1V310 @394D30,87480,7401E305E010,0.0372,0.1507,0.432,0.8884153
22/07/2020 10:57:43.909,683784,AM1V310 @394D30,87480,7801E105E110,0.0376,0.1505,0.4321,0.8883837
22/07/2020 10:57:43.940,683814,AM1V310 @394D30,87484,7F01DF05EA10,0.0383,0.1503,0.433,0.8879493
22/07/2020 10:57:43.940,683814,AM1V310 @394D30,87484,7D01DF05E710,0.0381,0.1503,0.4327,0.8881041
22/07/2020 10:57:43.940,683814,AM1V310 @394D30,87484,7C01DF05E410,0.038,0.1503,0.4324,0.8882546
22/07/2020 10:57:43.999,683873,AM1V310 @394D30,87488,8901D805FA10,0.0393,0.1496,0.4346,0.8872419
22/07/2020 10:57:43.999,683874,AM1V310 @394D30,87488,8501DA05F410,0.0389,0.1498,0.434,0.8875194
22/07/2020 10:57:43.999,683874,AM1V310 @394D30,87488,8201DD05EE10,0.0386,0.1501,0.4334,0.887775
22/07/2020 10:57:44.001,683875,AM1V310 @394D30,87491,8E01D605FE10,0.0398,0.1494,0.435,0.8870572
22/07/2020 10:57:44.001,683875,AM1V310 @394D30,87491,9901D2050811,0.0409,0.149,0.436,0.8865834
22/07/2020 10:57:44.001,683875,AM1V310 @394D30,87491,9401D4050311,0.0404,0.1492,0.4355,0.8868184
22/07/2020 10:57:44.030,683904,AM1V310 @394D30,87495,A001D2050D11,0.0416,0.149,0.4365,0.8863048
22/07/2020 10:57:44.030,683904,AM1V310 @394D30,87495,AA01D1051611,0.0426,0.1489,0.4374,0.8858303
22/07/2020 10:57:44.030,683904,AM1V310 @394D30,87495,A601D1051111,0.0422,0.1489,0.4369,0.8860961
22/07/2020 10:57:44.060,683934,AM1V310 @394D30,87499,AE01D1051C11,0.043,0.1489,0.438,0.8855144
22/07/2020 10:57:44.060,683934,AM1V310 @394D30,87499,B101D3052511,0.0433,0.1491,0.4389,0.8850204
22/07/2020 10:57:44.060,683934,AM1V310 @394D30,87499,B001D1052111,0.0432,0.1489,0.4385,0.8852572
22/07/2020 10:57:44.090,683964,AM1V310 @394D30,87503,B301D3052A11,0.0435,0.1491,0.4394,0.8847625
22/07/2020 10:57:44.090,683964,AM1V310 @394D30,87503,B501D3053511,0.0437,0.1491,0.4405,0.8842054
22/07/2020 10:57:44.090,683964,AM1V310 @394D30,87503,B401D4052F11,0.0436,0.1492,0.4399,0.8844922
22/07/2020 10:57:44.120,683994,AM1V310 @394D30,87506,BE01D3054411,0.0446,0.1491,0.442,0.8834116
22/07/2020 10:57:44.120,683994,AM1V310 @394D30,87506,B901D4053A11,0.0441,0.1492,0.441,0.8839194
22/07/2020 10:57:44.120,683994,AM1V310 @394D30,87506,BB01D4053F11,0.0443,0.1492,0.4415,0.8836598
22/07/2020 10:57:44.149,684023,AM1V310 @394D30,87510,C401CF054E11,0.0452,0.1487,0.443,0.8829475
22/07/2020 10:57:44.149,684023,AM1V310 @394D30,87510,C601CC055411,0.0454,0.1484,0.4436,0.8826864
22/07/2020 10:57:44.149,684023,AM1V310 @394D30,87510,C101D1054911,0.0449,0.1489,0.4425,0.8831798
22/07/2020 10:57:44.180,684054,AM1V310 @394D30,87514,CF01CA055C11,0.0463,0.1482,0.4444,0.8822708
22/07/2020 10:57:44.180,684054,AM1V310 @394D30,87514,C901CA055911,0.0457,0.1482,0.4441,0.8824531
22/07/2020 10:57:44.180,684054,AM1V310 @394D30,87514,D601C9056011,0.047,0.1481,0.4448,0.882049
22/07/2020 10:57:44.239,684114,AM1V310 @394D30,87518,F001C2056E11,0.0496,0.1474,0.4462,0.8813164
22/07/2020 10:57:44.239,684114,AM1V310 @394D30,87518,DB01C5056711,0.0475,0.1477,0.4455,0.8817359
22/07/2020 10:57:44.239,684114,AM1V310 @394D30,87518,E201C1056C11,0.0482,0.1473,0.446,0.881512
22/07/2020 10:57:44.240,684114,AM1V310 @394D30,87521,0902BC057811,0.0521,0.1468,0.4472,0.8807653
22/07/2020 10:57:44.240,684114,AM1V310 @394D30,87521,0102BE057511,0.0513,0.147,0.4469,0.8809311
22/07/2020 10:57:44.240,684115,AM1V310 @394D30,87521,FA01C0057111,0.0506,0.1472,0.4465,0.8811411
22/07/2020 10:57:44.270,684145,AM1V310 @394D30,87525,0E02B3058911,0.0526,0.1459,0.4489,0.88002
22/07/2020 10:57:44.270,684145,AM1V310 @394D30,87525,0E02B6058311,0.0526,0.1462,0.4483,0.880276
22/07/2020 10:57:44.270,684145,AM1V310 @394D30,87525,0C02B9057D11,0.0524,0.1465,0.4477,0.8805434
22/07/2020 10:57:44.299,684174,AM1V310 @394D30,87529,1002AC059C11,0.0528,0.1452,0.4508,0.8791521
22/07/2020 10:57:44.299,684174,AM1V310 @394D30,87529,0E02AD059611,0.0526,0.1453,0.4502,0.879455
22/07/2020 10:57:44.299,684174,AM1V310 @394D30,87529,0E02B0059011,0.0526,0.1456,0.4496,0.8797123
22/07/2020 10:57:44.329,684204,AM1V310 @394D30,87533,1402AB05A111,0.0532,0.1451,0.4513,0.878888
22/07/2020 10:57:44.329,684204,AM1V310 @394D30,87533,2002A905A911,0.0544,0.1449,0.4521,0.8784362
22/07/2020 10:57:44.329,684204,AM1V310 @394D30,87533,1902AA05A511,0.0537,0.145,0.4517,0.8786685
22/07/2020 10:57:44.361,684235,AM1V310 @394D30,87536,3502A505B011,0.0565,0.1445,0.4528,0.8780089
22/07/2020 10:57:44.360,684235,AM1V310 @394D30,87536,2F02A705AE11,0.0559,0.1447,0.4526,0.8781175
22/07/2020 10:57:44.360,684235,AM1V310 @394D30,87536,2702A805AB11,0.0551,0.1448,0.4523,0.8783062
22/07/2020 10:57:44.392,684266,AM1V310 @394D30,87540,3B02A405B311,0.0571,0.1444,0.4531,0.8778318
22/07/2020 10:57:44.392,684266,AM1V310 @394D30,87540,3E02A305B511,0.0574,0.1443,0.4533,0.8777254
22/07/2020 10:57:44.392,684266,AM1V310 @394D30,87540,4102A305B711,0.0577,0.1443,0.4535,0.8776024
22/07/2020 10:57:44.422,684296,AM1V310 @394D30,87544,4102A205B811,0.0577,0.1442,0.4536,0.8775672
22/07/2020 10:57:44.422,684296,AM1V310 @394D30,87544,4202A305B911,0.0578,0.1443,0.4537,0.8774924
22/07/2020 10:57:44.422,684296,AM1V310 @394D30,87544,4402A405B911,0.058,0.1444,0.4537,0.8774628
22/07/2020 10:57:44.481,684356,AM1V310 @394D30,87548,4902A805B711,0.0585,0.1448,0.4535,0.8774671
22/07/2020 10:57:44.481,684356,AM1V310 @394D30,87548,5202AD05B511,0.0594,0.1453,0.4533,0.8774273
22/07/2020 10:57:44.481,684357,AM1V310 @394D30,87551,5702B105B211,0.0599,0.1457,0.453,0.8774819
22/07/2020 10:57:44.481,684357,AM1V310 @394D30,87551,5802B505B111,0.06,0.1461,0.4529,0.8774602
22/07/2020 10:57:44.481,684357,AM1V310 @394D30,87548,4702A505B811,0.0583,0.1445,0.4536,0.8774782
22/07/2020 10:57:44.481,684357,AM1V310 @394D30,87551,5902BB05AE11,0.0601,0.1467,0.4526,0.877508
22/07/2020 10:57:44.510,684384,AM1V310 @394D30,87555,5502C505AB11,0.0597,0.1477,0.4523,0.8775223
22/07/2020 10:57:44.510,684384,AM1V310 @394D30,87555,5902C005AC11,0.0601,0.1472,0.4524,0.8775274
22/07/2020 10:57:44.510,684384,AM1V310 @394D30,87555,5702C305AB11,0.0599,0.1475,0.4523,0.8775423
22/07/2020 10:57:44.540,684415,AM1V310 @394D30,87559,5302C605AC11,0.0595,0.1478,0.4524,0.8774675
22/07/2020 10:57:44.540,684415,AM1V310 @394D30,87559,5402C605AB11,0.0596,0.1478,0.4523,0.8775122
22/07/2020 10:57:44.540,684415,AM1V310 @394D30,87559,5202C405AD11,0.0594,0.1476,0.4525,0.8774564
22/07/2020 10:57:44.571,684446,AM1V310 @394D30,87563,5502C605AB11,0.0597,0.1478,0.4523,0.8775054
22/07/2020 10:57:44.571,684446,AM1V310 @394D30,87563,5202C405AD11,0.0594,0.1476,0.4525,0.8774564
22/07/2020 10:57:44.571,684446,AM1V310 @394D30,87563,5302C505AC11,0.0595,0.1477,0.4524,0.8774843
22/07/2020 10:57:44.598,684473,AM1V310 @394D30,87566,5702C705AB11,0.0599,0.1479,0.4523,0.877475
22/07/2020 10:57:44.598,684473,AM1V310 @394D30,87566,5A02C705AC11,0.0602,0.1479,0.4524,0.8774028
22/07/2020 10:57:44.598,684473,AM1V310 @394D30,87566,5902C705AB11,0.0601,0.1479,0.4523,0.8774613
22/07/2020 10:57:44.631,684506,AM1V310 @394D30,87570,5802C305B011,0.06,0.1475,0.4528,0.8772776
22/07/2020 10:57:44.631,684506,AM1V310 @394D30,87570,5902C505AD11,0.0601,0.1477,0.4525,0.8773919
22/07/2020 10:57:44.631,684506,AM1V310 @394D30,87570,5602C105B211,0.0598,0.1473,0.453,0.8772216
22/07/2020 10:57:44.660,684535,AM1V310 @394D30,87574,5802BD05B711,0.06,0.1469,0.4535,0.8770166
22/07/2020 10:57:44.660,684535,AM1V310 @394D30,87574,5502BF05B411,0.0597,0.1471,0.4532,0.8771586
22/07/2020 10:57:44.660,684535,AM1V310 @394D30,87574,5702BE05B611,0.0599,0.147,0.4534,0.8770584
22/07/2020 10:57:44.690,684564,AM1V310 @394D30,87578,5C02BC05BB11,0.0604,0.1468,0.4539,0.876799
22/07/2020 10:57:44.690,684564,AM1V310 @394D30,87578,5A02BD05B911,0.0602,0.1469,0.4537,0.8768995
22/07/2020 10:57:44.690,684564,AM1V310 @394D30,87578,5E02BB05BD11,0.0606,0.1467,0.4541,0.8766983
22/07/2020 10:57:44.719,684594,AM1V310 @394D30,87581,5E02BA05C011,0.0606,0.1466,0.4544,0.8765596
22/07/2020 10:57:44.719,684594,AM1V310 @394D30,87581,5C02B805C611,0.0604,0.1464,0.455,0.8762955
22/07/2020 10:57:44.719,684594,AM1V310 @394D30,87581,5D02B905C311,0.0605,0.1465,0.4547,0.8764277
22/07/2020 10:57:44.749,684624,AM1V310 @394D30,87585,5B02B805C911,0.0603,0.1464,0.4553,0.8761466
22/07/2020 10:57:44.749,684624,AM1V310 @394D30,87585,5C02B805CF11,0.0604,0.1464,0.4559,0.8758276
22/07/2020 10:57:44.749,684624,AM1V310 @394D30,87585,5B02B805CC11,0.0603,0.1464,0.4556,0.8759906
22/07/2020 10:57:44.779,684653,AM1V310 @394D30,87589,5C02B705D111,0.0604,0.1463,0.4561,0.8757402
22/07/2020 10:57:44.779,684653,AM1V310 @394D30,87589,5D02B505D311,0.0605,0.1461,0.4563,0.8756625
22/07/2020 10:57:44.779,684653,AM1V310 @394D30,87589,5E02B405D611,0.0606,0.146,0.4566,0.8755159
22/07/2020 10:57:44.811,684686,AM1V310 @394D30,87593,6002B205DB11,0.0608,0.1458,0.4571,0.8752744
22/07/2020 10:57:44.811,684686,AM1V310 @394D30,87593,5F02B305D911,0.0607,0.1459,0.4569,0.8753691
22/07/2020 10:57:44.811,684686,AM1V310 @394D30,87593,6102B105DE11,0.0609,0.1457,0.4574,0.8751274
22/07/2020 10:57:44.839,684713,AM1V310 @394D30,87596,6402B505E311,0.0612,0.1461,0.4579,0.8747783
22/07/2020 10:57:44.839,684713,AM1V310 @394D30,87596,6202B105E011,0.061,0.1457,0.4576,0.8750159
22/07/2020 10:57:44.839,684713,AM1V310 @394D30,87596,6302B305E111,0.0611,0.1459,0.4577,0.8749232
22/07/2020 10:57:44.870,684744,AM1V310 @394D30,87600,6602C105E711,0.0614,0.1473,0.4583,0.8743534
22/07/2020 10:57:44.870,684744,AM1V310 @394D30,87600,6502B905E411,0.0613,0.1465,0.458,0.874652
22/07/2020 10:57:44.870,684744,AM1V310 @394D30,87600,6602BD05E511,0.0614,0.1469,0.4581,0.8745255
22/07/2020 10:57:44.901,684775,AM1V310 @394D30,87604,6502CA05EC11,0.0613,0.1482,0.4588,0.873946
22/07/2020 10:57:44.901,684775,AM1V310 @394D30,87604,6402CF05EF11,0.0612,0.1487,0.4591,0.8737105
22/07/2020 10:57:44.901,684775,AM1V310 @394D30,87604,6602C605E911,0.0614,0.1478,0.4585,0.8741642
22/07/2020 10:57:44.932,684806,AM1V310 @394D30,87608,6102E005F611,0.0609,0.1504,0.4598,0.8730721
22/07/2020 10:57:44.932,684806,AM1V310 @394D30,87608,6102DA05F411,0.0609,0.1498,0.4596,0.8732806
22/07/2020 10:57:44.932,684806,AM1V310 @394D30,87608,6202D405F111,0.061,0.1492,0.4593,0.8735341
22/07/2020 10:57:44.961,684836,AM1V310 @394D30,87611,6202EE05F911,0.061,0.1518,0.4601,0.8726647
22/07/2020 10:57:44.961,684836,AM1V310 @394D30,87611,6102E705F811,0.0609,0.1511,0.46,0.8728459
22/07/2020 10:57:44.961,684836,AM1V310 @394D30,87611,6202F505FB11,0.061,0.1525,0.4603,0.8724372
22/07/2020 10:57:44.992,684866,AM1V310 @394D30,87615,5E0207060112,0.0606,0.1543,0.4609,0.8718316
22/07/2020 10:57:44.992,684866,AM1V310 @394D30,87615,5A0211060512,0.0602,0.1553,0.4613,0.8714702
22/07/2020 10:57:44.992,684866,AM1V310 @394D30,87615,6002FE05FE11,0.0608,0.1534,0.4606,0.872135
22/07/2020 10:57:45.021,684895,AM1V310 @394D30,87619,490225060F12,0.0585,0.1573,0.4623,0.8706969
22/07/2020 10:57:45.021,684896,AM1V310 @394D30,87619,53021B060A12,0.0595,0.1563,0.4618,0.8710745
22/07/2020 10:57:45.021,684896,AM1V310 @394D30,87619,3F0230061512,0.0575,0.1584,0.4629,0.8702452
22/07/2020 10:57:45.050,684924,AM1V310 @394D30,87623,340239061C12,0.0564,0.1593,0.4636,0.8697802
22/07/2020 10:57:45.050,684925,AM1V310 @394D30,87623,2.90242E+11,0.0553,0.1602,0.4643,0.869312
22/07/2020 10:57:45.050,684925,AM1V310 @394D30,87623,1F024B062B12,0.0543,0.1611,0.4651,0.8687809
22/07/2020 10:57:45.080,684955,AM1V310 @394D30,87626,16025F063D12,0.0534,0.1631,0.4669,0.8674971
22/07/2020 10:57:45.080,684955,AM1V310 @394D30,87626,1.20269E+11,0.053,0.1641,0.4679,0.8667939
22/07/2020 10:57:45.080,684955,AM1V310 @394D30,87626,1.90255E+11,0.0537,0.1621,0.466,0.8681497
22/07/2020 10:57:45.109,684983,AM1V310 @394D30,87630,04028A066212,0.0516,0.1674,0.4706,0.8647834
22/07/2020 10:57:45.109,684983,AM1V310 @394D30,87630,0E0273065012,0.0526,0.1651,0.4688,0.8661419
22/07/2020 10:57:45.109,684983,AM1V310 @394D30,87630,09027E065912,0.0521,0.1662,0.4697,0.8654739